{
    "images": [{
            "filename": "splash@1x.png",
            "idiom": "universal",
            "filename": "splash@1x.png",
            "scale": "1x"
        },
        {
            "filename": "splash@2x.png",
            "idiom": "universal",
            "filename": "splash@2x.png",
            "scale": "2x"
        },
        {
            "filename": "splash@3x.png",
            "idiom": "universal",
            "filename": "splash@3x.png",
            "scale": "3x"
        }
    ],
    "info": {
        "version": 1,
        "author": "xcode"
    }
}